{
  "accuracy": 0.930495,
  "macro_f1": 0.9229063072765872,
  "per_class": {
    "High": {
      "precision": 0.88993145468393,
      "recall": 0.9189920407713845,
      "f1_score": 0.9042283167213521,
      "support": 31787
    },
    "Low": {
      "precision": 0.9162767935793286,
      "recall": 0.9316137250218932,
      "f1_score": 0.923881613358466,
      "support": 50244
    },
    "Medium": {
      "precision": 0.9482212076836937,
      "recall": 0.933118022531343,
      "f1_score": 0.9406089917499434,
      "support": 117969
    }
  },
  "confusion_matrix": {
    "labels": [
      "High",
      "Low",
      "Medium"
    ],
    "matrix": [
      [
        29212,
        0,
        2575
      ],
      [
        0,
        46808,
        3436
      ],
      [
        3613,
        4277,
        110079
      ]
    ]
  }
}